{
    "mean_write_latency": 21.142857142857142,
    "mean_read_latency": 21.666666666666668
}
